<odoo>
    <data>
        <record id="requisition_request_sequence" model="ir.sequence">
            <field name="name">Requisition Request Seq</field>
            <field name="code">requisition_request_seq</field>
            <field name="prefix">RRN</field>
            <field name="padding">5</field>
        </record>
        <record id="movement_request_sequence" model="ir.sequence">
            <field name="name">Movement Request Seq</field>
            <field name="code">movement_request_seq</field>
            <field name="prefix">MRN</field>
            <field name="padding">5</field>
        </record>
        <record id="car_sequence" model="ir.sequence">
            <field name="name">Car Seq</field>
            <field name="code">car_seq</field>
            <field name="prefix">C</field>
            <field name="padding">5</field>
        </record>
    </data>
</odoo>