<odoo>
<record id="purchase_request_category" model="ir.module.category">
        <field name="name">Purchase Request</field>
</record>

<record id="purchase_request_manager_group" model="res.groups">
        <field name="name">Purchase Request Manager</field>
        <field name="category_id" ref="al_salam_organization.purchase_request_category"/>

</record>

        <record id="purchase_request_user_group" model="res.groups">
        <field name="name">Purchase Request User</field>
                <field name="category_id" ref="al_salam_organization.purchase_request_category"/>
        </record>

        <record id="purchase_request_finance_user_group" model="res.groups">
        <field name="name">Finance User</field>
        <field name="category_id" ref="al_salam_organization.purchase_request_category"/>
    </record>

        <record id="requisition_request_program_user_group" model="res.groups">
        <field name="name">Program User</field>
        <field name="category_id" ref="al_salam_organization.purchase_request_category"/>
    </record>

     <record id="requisition_request_log_user_group" model="res.groups">
        <field name="name">Logistic User</field>
        <field name="category_id" ref="al_salam_organization.purchase_request_category"/>
    </record>

     <record id="requisition_request_logistic_user_group" model="res.groups">
        <field name="name">Area Manager User</field>
        <field name="category_id" ref="al_salam_organization.purchase_request_category"/>
    </record>
</odoo>


