id,name,model_id:id,group_id:id,perm_read,perm_write,perm_create,perm_unlink
access_requisition_request,access_requisition_request,model_requisition_request,sstc_altwaki_project.requisition_request_user_group,1,1,1,1
access_requisition_request,access_requisition_request,model_requisition_request,,1,1,1,1
access_movement_request,access_movement_request,model_movement_request,,1,1,1,1
access_product_line,access_product_line,model_product_line,,1,1,1,1
access_car,access_car,model_car,,1,1,1,1
access_car_color,access_car_color,model_car_color,,1,1,1,1
access_car_model,access_car_model,model_car_model,,1,1,1,1
access_car_history,access_car_history,model_car_history,,1,1,1,1
access_car_available_wizard,access_car_available_wizard,model_car_available_wizard,,1,1,1,1
access_car_unavailable_wizard,access_car_unavailable_wizard,model_car_unavailable_wizard,,1,1,1,1
access_car_picking_wizard,access_car_picking_wizard,model_car_picking_wizard,,1,1,1,1
access_request_report_wizard,access_request_report_wizard,model_request_report_wizard,,1,1,1,1
access_move_report_wizard,access_move_report_wizard,model_move_report_wizard,,1,1,1,1
access_request_reject,access_request_reject,model_request_reject,,1,1,1,1

