<odoo>
    <record id="requisition_request_category" model="ir.module.category">
        <field name="name">Requisition Request</field>
    </record>

    <record id="requisition_request_manager_group" model="res.groups">
        <field name="name">Request Manager</field>
        <field name="category_id" ref="sstc_altwaki_project.requisition_request_category"/>
    </record>

    <record id="requisition_request_user_group" model="res.groups">
        <field name="name">Request User</field>
        <field name="category_id" ref="sstc_altwaki_project.requisition_request_category"/>
    </record>

    <record id="requisition_request_finance_user_group" model="res.groups">
        <field name="name">Finance User</field>
        <field name="category_id" ref="sstc_altwaki_project.requisition_request_category"/>
    </record>

    <record id="requisition_request_logistic_user_group" model="res.groups">
        <field name="name">Logistic User</field>
        <field name="category_id" ref="sstc_altwaki_project.requisition_request_category"/>
    </record>

    <record id="requisition_request_program_user_group" model="res.groups">
        <field name="name">Program Manager</field>
        <field name="category_id" ref="sstc_altwaki_project.requisition_request_category"/>
    </record>

    <record id="requisition_request_operation_manager_group" model="res.groups">
        <field name="name">Operation Manager</field>
        <field name="category_id" ref="sstc_altwaki_project.requisition_request_category"/>
    </record>

    <record id="requisition_request_record_rule_user_access" model="ir.rule">
            <field name="name">Requisition Request User Record Rule</field>
            <field name="model_id" ref="sstc_altwaki_project.model_requisition_request"/>
            <field name="domain_force">[('create_uid', '=', user.id)]</field>
            <field name="groups" eval="[(4, ref('sstc_altwaki_project.requisition_request_user_group'))]"/>
        </record>

    <record id="requisition_request_record_rule_admin_access" model="ir.rule">
            <field name="name">Requisition Request Admin Record Rule</field>
            <field name="model_id" ref="sstc_altwaki_project.model_requisition_request"/>
            <field name="groups" eval="[(4, ref('sstc_altwaki_project.requisition_request_manager_group'))]"/>
            <field name="perm_read" eval="True"/>
            <field name="perm_write" eval="True"/>
            <field name="perm_create" eval="False"/>
            <field name="perm_unlink" eval="False"/>
        </record>

    <record id="requisition_request_record_rule_program_access" model="ir.rule">
            <field name="name">Requisition Request program Record Rule</field>
            <field name="model_id" ref="sstc_altwaki_project.model_requisition_request"/>
            <field name="groups" eval="[(4, ref('sstc_altwaki_project.requisition_request_program_user_group'))]"/>
        </record>

    <record id="requisition_request_record_rule_finance_access" model="ir.rule">
            <field name="name">Requisition Request Finance Record Rule</field>
            <field name="model_id" ref="sstc_altwaki_project.model_requisition_request"/>
            <field name="groups" eval="[(4, ref('sstc_altwaki_project.requisition_request_finance_user_group'))]"/>
        </record>

    <record id="requisition_request_record_rule_logistic_access" model="ir.rule">
            <field name="name">Requisition Request Logistic Record Rule</field>
            <field name="model_id" ref="sstc_altwaki_project.model_requisition_request"/>
            <field name="groups" eval="[(4, ref('sstc_altwaki_project.requisition_request_logistic_user_group'))]"/>
        </record>

    <record id="requisition_request_record_rule_operation_manager_access" model="ir.rule">
            <field name="name">Requisition Request Operation Manager Record Rule</field>
            <field name="model_id" ref="sstc_altwaki_project.model_requisition_request"/>
            <field name="groups" eval="[(4, ref('sstc_altwaki_project.requisition_request_operation_manager_group'))]"/>
        </record>

</odoo>